{
  "Name": "ModTek",
  "Description": "ModTek",
  "Author": null,
  "Website": null,
  "Contact": null,
  "Version": "0.7.6",
  "PackagedOn": null,
  "BattleTechVersionMin": null,
  "BattleTechVersionMax": null,
  "BattleTechVersion": null,
  "Enabled": true,
  "Hidden": false,
  "Locked": false,
  "DependsOn": [],
  "ConflictsWith": [],
  "OptionallyDependsOn": [],
  "IgnoreLoadFailure": false,
  "DLL": null,
  "DLLEntryPoint": null,
  "EnableAssemblyVersionCheck": false,
  "LoadImplicitManifest": true,
  "CustomResourceTypes": [],
  "DataAddendumEntries": [],
  "Manifest": [],
  "RemoveManifestEntries": [],
  "Settings": {}
}